noise,goldsm,goldss
0.0,20.22222222222222,7.013875137500271
0.025,20.22222222222222,7.013875137500271
0.5,20.22222222222222,7.013875137500271
0.075,20.22222222222222,7.013875137500271
0.1,20.22222222222222,7.013875137500271
0.125,20.22222222222222,7.013875137500271
0.15,20.22222222222222,7.013875137500271
0.175,20.22222222222222,7.013875137500271
0.2,20.22222222222222,7.013875137500271
