noise,percorr,goldsm,goldss,timem,times
0.0,false,30.1,3.178049716414141,10.873714285714286,0.5923821773069557
0.025,false,21.6,4.765617600176404,17.204571428571427,9.69396379968792
0.05,false,13.8,3.2930904093942583,20.192857142857143,17.9394433487887
0.075,false,11.0,3.8873012632302,17.700857142857142,14.89205053885128
0.1,false,4.3,2.4060109910158114,14.194714285714284,3.4981853442817807
0.125,false,3.5,2.6352313834736494,16.372,8.718219544043416
0.15,false,2.0,2.0,12.556142857142856,1.1112184177208753
0.175,false,0.3,0.9486832980505138,12.637142857142859,0.6496843817719243
0.2,false,0.54,1.2135597524338357,13.224935064935066,1.167818193083356